nodes,runtime,partition_gurobi,partition_dac,cost_gurobi,cost_dac,dac_subgraph_size
24,32.932348012924194,"[{0, 1, 4, 6, 8, 10, 11, 13, 14, 18, 21, 23}, {2, 3, 5, 7, 9, 12, 15, 16, 17, 19, 20, 22}]",101101001011101011001100,32,25,12
24,32.77546691894531,"[{0, 1, 4, 6, 8, 10, 11, 13, 14, 18, 21, 23}, {2, 3, 5, 7, 9, 12, 15, 16, 17, 19, 20, 22}]",101101001011101011001100,32,25,12
24,32.483596086502075,"[{0, 1, 4, 6, 8, 10, 11, 13, 14, 18, 21, 23}, {2, 3, 5, 7, 9, 12, 15, 16, 17, 19, 20, 22}]",101101001011101011001100,32,25,12
